{
    "intents": [
        {"tag": "notfound",
                "patterns": ["", "", "", "", ""],
                "responses": ["Maaf tidak tahu","saya tidak tahu","kata diluar kemampuan kami","kami tidak tahu, mungkin anda bisa menanyakan mengenai seputar SMK YPE NUSANTARA SLAWI", "mungkin anda bisa menanyakan mengenai aplikasi ini"],
                "context": [""]
        },
            {"tag": "salam",
                "patterns": ["Hay", "Hy", "Hallo","Hey","Hola", "Hello", "Hai","p","hai","halo","hay","hai","mikum","assamualaikaum","hi"],
                "responses": ["Halo, terima kasih sudah menyapa", "Hallo, senang bertemu denganmu, ada yang bisa saya lakukan?", "Hai, ada yang bisa saya bantu?"], 
                "context": [""]
            },
            {"tag": "selamat tinggal",
                "patterns": ["Sampai jumpa", "dadah", "Selamat tinggal", "Senang mengobrol denganmu, selamat tinggal", "Sampai nanti","dah"], 
                "responses": ["Sampai jumpa!", "Semoga harimu menyenangkan", "Bye! Segera kembali lagi."], 
                "context": [""]
            },
            {"tag": "terima kasih",
                "patterns": ["Terima kasih", "Thanks","Thank you", "Itu membantu", "Luar biasa, terima kasih", "Terima kasih telah membantu saya","Ok, terima kasih","makasih","terimakasih","thq"], 
                "responses": ["Yupp!! Senang membantu!", "Yap ^-^ Setiap saat!", "Dengan senang hati"],
                "context": [""]
            },
            {"tag": "tidak bertanya",
                "patterns": [],
                "responses": ["Maaf, tidak dapat memahami Anda", "Tolong beri saya info lebih lanjut", "Tidak yakin saya mengerti"],
                "context": [""]
            },
            {"tag": "ok",
            "patterns": ["ok","baiklah","oke","ya"],
            "responses": ["oke","baik ^-^","baiklah ^-^"],
            "context": [""]
            },
             {"tag": "sekolah",
              "patterns": ["ini aplikasi apa?","ini apa","aplikasi apa","aplikasi berfungsi untuk apa","fungsi aplikasi"],
              "responses": ["Ini merupakan aplikasi question answer yang dapat menjawab pertanyaan secara otomatis yang berkaitan dengan SMK YPE NUSANTARA SLAWI"]
             },
             {"tag": "profil",
              "patterns": ["Profil sekolah?","profil","profil smk ype nusantara slawi","profil smk ype"],
              "responses": ["SMK YPE Nusantara Slawi merupakan salah satu Lembaga Pendidikan Menengah Kejuruan di Kabupaten Tegal yang berdiri pada 1 Januari 1972 dengan Kantor Pusat Yayasan Pendidikan Ekonomi (YPE) ada di Semarang.Beralamat di Jalan MT Haryono Kalisapu Slawi Kabupaten Tegal. Sekolah ini merupakan sekolah swasta jurusan bisnis dan manajemen yang pertama di Kabupaten Tegal dan sudah terakreditasi oleh BAN lalu memiliki standar ISO:2008 dalam sistem manajemen."]
             },
              {"tag": "tahun",
              "patterns": [ "Kapan tahun berdiri?","Pada tahun berapa?","tahun berdiri","berdiri","kapan berdirinya smk ype nusantara slawi","berdirinya smk ype nusantara"],
              "responses": ["Kamu tahu gak sih bahwa SMK YPE Nusantara Slawi berdiri pada 1 Januari 1972 "]
             },
              {"tag": "akreditasi",
              "patterns": [ "Apa akreditasi nya?", "Akreditasi nya adalah?", "Sudah terakreditasi?","akreditasi smk ype nusantara slawi","akreditasi smk ype","akreditasi smk","akreditasi"],
              "responses": ["SMK YPE Nusantara Slawimemiliki Akreditasi B"]
             },
             {"tag": "alamat",
              "patterns": ["di mana alamat nya?","alamat","alamat smk ype nusantara slawi","alamat smk ype","alamat smk"],
              "responses": ["SMK YPE Nusantara Slawi beralamat di Jln. Letjen M.T. Haryono Kalisapu Slawi."]
             },
             {"tag": "kepala",
              "patterns": ["Siapa kepala sekolah nya?","Nama kepala sekolah nya adalah?","kepala sekolah","kepsek","kepala sekolah smk ype nusantara slawi","kepsek smk ype"],
              "responses": ["Kepala sekolah SMK YPE Nusantara Slawi adalah Bapak Wahyu Wahyu Handoko,SE"]
             },
             {"tag": "keunggulan",
              "patterns": ["Apa saja keunggulan?","Ada berapa keunggulan nya?","keunggulan smk ype nusantara slawi","keunggulan",""],
              "responses": ["Pelopor SMK Swasta pertama dan terpercaya di Kab.Tegal, Berdiri tahun 1972 dan sudah terAkreditasi BAS-SM, Biaya murah dan terjangkau, Tempat strategis, asri, bangunan baru dan lingkungan mudah dijangkau, Fasilitas lengkap, Menerapkan program revitalisasi SMK yang bekerjasama dengan DU/DI, Tempat PKL di beberapa instansi negeri maupun swasta ternama di Kab.Tegal, Mengupayakan penyaluran lulusan melalui BKK, Sudah menghasilkan ribuan alumni yang bekerja di dalam maupun luar negeri."]
             },
             {"tag": "visi",
              "patterns": ["Apa visi prodi akutansi?","visi prodi akuntansi","visi","visi prodi","visi akuntansi"],
              "responses": ["Menjadi Program Studi Unggul dan terkemuka di Indonesia untuk menghasilkan tenaga profesional dibidang Akuntansi Keuangan, Akuntansi Manajemen, Akuntansi Pajak,  Pemeriksaan Akuntan dan Sistem Informasi Akuntansi yang memenuhi kebutuhan industri dan masyarakat dalam persaingan global pada tahun 2024."]
             },
		 {"tag": "misi",
              "patterns": ["Apa misi prodi akuntansi?","misi prodi akutansi","misi akuntansi","misi prodi","misi"],
              "responses": ["Melaksanakan proses belajar mengajar yang memadukan teori dan aplikasi dibidang Akuntansi Keuangan, Akuntansi Manajemen, Pemeriksaan Akuntan, Akuntansi Pajak, dan Sistem Informasi akuntansi., Menerapkan manajemen pendidikan tinggi yang efektif dan efisien., Melakukan pengkajian, pelatihan akuntansi, sesuai Tri Dharma Perguruan Tinggi dan mengembangkan jaringan kerjasama dengan industri dan kemitraan yang berkelanjutan sebagai respon perubahan arus daya saing global., Pengembangan karakter siswa berjiwa kewirausahaan dan memiliki etika profesional yang dapat memberikan kontribusi positif terhadap peningkatan kualitas hidup."]
             },
              {"tag": "prospek",
              "patterns": [ "Prospek lulusan prodi akuntansi?","prospek akuntansi","prospek","prospek lulusan"],
              "responses": ["Lulusan Akuntansi bisa bekerja sebagai Staf Akuntansi (Perusahaan), Staf Akuntansi (Keuangan diinstansi pemerintah), Staf Akuntansi Internal Auditor, Kasir toko/swalayan, Customer Service, Kasir Bank, Staf Perpajakan, Staf Administrasi dan Wirausaha.Selain itu, lulusan Akutansi juga dapat bekerja diperusahaan baik didalam maupun luar negeri karena BKK SMK YPE Nusantara Slawi sudah bekerja sama dengan perusahaan tersebut. Sehingga lulusan SMK YPE Nusantara Slawi dijamin bisa langsung kerja diperusahaan tersebut."]
             },
              {"tag": "perusahaan",
              "patterns": [ "Perusahaan dalam negeri yang sudah bekerja sama?","kerjasama","kerja sama","perusahaan","kerjasama sekolah"],
              "responses": ["PT.INDONESIA EPSON INDUSTRY (CIKARANG) , PT.KIYOKUNI (CIKARANG) , PT.SANOH (CIKARANG), PT.DENSO INDONESIA (CIKARANG), PT.MUSASHI AUTO PART INDONESIA (CIKARANG), PT.HITACHI (KARAWANG), PT.YAMAHA INDONESIA (PULAU GADUNG) , PT.HPM (HONDA PROSPECT MOTOR) (KARAWANG), PT.NIFCO INDONESIA (KARAWANG), PT.YASUNLI (MM 2100 CIBITUNG), PT.LG IGNOTEC (MM 2100 CIBITUNG) , SOLARIA RESTORAN (JABODETABEK), PT.NIDEC SANKYO (BEKASI) , PT.SAS (SINAR ALUM SARANA) (TANGGERANG), PT.OPPO MANUFACTURINNG (TANGGERANG), PT.LINKFORTUNE(KENDAL), Dan masih banyak lagi"]
             },
             {"tag": "perusahaan",
              "patterns": ["Perusahaan luar negeri yang sudah bekerja sama?","kerjasama perusahaan luar"],
              "responses": ["KILANG SAMSUNG ELECTRONIC (KILANG SELANGOR MALAYSIA), KILANG INTECH SAIKO (TEBRAU JOHOR MALAYSIA), KILANG AMPHENOL (MERTAJAM PENANG MALAYSIA), KAMAYA ELECTRIC (IPOH, PERAK MALAYSIA), KILANG TOP GLOVE (KILANG SELANGOR MALAYSIA), KILANG INFENEON (BATU BERENDAM MALAKA MALAYSIA), KILANG NXP SEMI KONDUKTOR (PETALING JAYA SELANGOR MALAYSIA), KILANG VENTUR (TEBRAU JOHOR MALAYSIA)."]
             },
             {"tag": "akuntansi",
              "patterns": ["Apa keunggulan prodi akuntansi dibanding prodi lainnya?","keunggulan prodi akuntansi","keunggulan akuntansi"],
              "responses": ["SMK YPE Nusantara Slawi jurusan Akuntansi mempunyai tempat praktek disekolahan yaitu Lab Perbankan yang setiap hari buka untuk melayani simpan pinjam siswa dan guru. Semua petugas dari siswa khususnya kelas 2 yang langsung dibimbing oleh guru Akuntansi dan dari pihak Bank BPR. Bank yang dikelola sekolah sudah bekerjasama dengan BPR. Setiap kegiatan PRAKERIN (Praktek Kerja Industri), siswa SMK YPE Nusantara Slawi jurusan Akuntansi ditempatkan dilembaga keuangan dan kami sudah MOU dengan mereka. Lembaga Keuangan tersebut antara lain Bank BPR Sahabat Tata, BKK, BMT dan Lembaga Keuangan Lainnya."]
             },
             {"tag": "kegiatan",
              "patterns": ["Kegiatan apa saja yang ada di SMK YPE?", "ekstra apa saja yang ada?","ektrakulikuler","ektra kuler","ektrakuler","estrakulikuler","kegiatan sekolah","eskul"],
              "responses": ["Pramuka, Paskibra, PKS, Rohis, PMR, Bola Voly, Basket, Karate."]
             },
             {"tag": "alumni",
              "patterns": ["siapa saja alumni yang telah sukses?", "Beberapa alumni yang sudah berhasil?","prospek alumni","alumni","prospek alumni"],
              "responses": ["Muhammad Samsul Khaeri lulusan tahun 1998 sebagai Dosen di STAI Bani Saleh Bekasi, Wasis Surono sebagai pengurus pondok pesantren di Yomani dan sebagai kepala sekolah SD I di Yomani lulusan tahun 1990, Widodo lulusan tahun 1991 bekerja di bank BNI 46 Bekasi, Ulun Fitria alumni tahun 1998 bekerja di Pemda Tangerang Perencanaan Keuangan."]
             },
             {"tag": "Prodi",
              "patterns": ["jurusan di smk ype nusantara slawi", "prodi dismk ype","jurusan","prodi","program keahlian smk ype","program keahlian"],
              "responses": ["Di SMK YPE Nusantara Slawi saat ini memiliki 4 program keahlian yaitu ada Multimedia(Komputer) , Akuntansi dan Lembaga Keuangan(AKL) , Otomatisasi dan Tata Kelola Perkantoran (OTKP) , dan Bisnis Daring dan Pemasaran (BDP)  "]
             },
             {"tag": "Fasilitas",
              "patterns": ["Fasilitas smk ype nusantara slawi", "Fasilitas smk ype","fasilitas"],
              "responses": ["SMK YPE Nusantara Slawi saat ini memiliki fasilitas 28 kelas ruang belajar teori dan 1 lapangan basket "]
             },
             {"tag": "Guru Produktif Perkantoran",
              "patterns": ["siapa guru Produktif perkantoran", "guru Produktif perkantoran"],
              "responses": ["Guru pengampu mata pelajaran Produktif Perkantoran yaitu ada Dra. Sri Rejeki, Supriyanti, S.Pd, Sulistowati, S.Pd, dan Novia Umiati, S.Pd"]
             },
             {"tag": "Guru Akuntansi",
              "patterns": ["siapa guru akuntansi", "guru akuntansi","siapa guru pelajaran akuntansi","guru pelajaran akuntansi"],
              "responses": ["Guru pengampu mata pelajaran Akuntansi adalah ada Drs. Nursoleh, Winarti, S.Pd , Sudarmanto, S.Pd , Arimul Arifatul A, S.Pd , dan Nurhidayati, S.Pd."]
             },
             {"tag": "Ka Prodi Akuntansi",
              "patterns": ["siapa ka prodi akutansi", "kepala prodi akuntansi","ka prodi akutansi","siapa kepala prodi akuntansi"],
              "responses": ["Kepala Prodi Akuntansi saat ini dijabat oleh Ibu Nurhidayati, S.Pd."]
             },
             {"tag": "Ka Prodi Adm Perkantoran",
              "patterns": ["siapa ka prodi adm perkantoran", "kepala prodi adm perkantoran","ka prodi adm perkantoran","siapa kepala prodi adm perkantoran","kepala prodi administrasi perkantoran","ka prodi administrasi perkantoran","siapa kepala prodi administrasi perkantoran"],
              "responses": ["Kepala Prodi Administrasi Perkantoran saat ini dijabat oleh Ibu Dra. Sri Rejeki"]
             },
             {"tag": "Ka Prodi Penjualan",
              "patterns": ["siapa ka prodi penjualan", "kepala prodi penjualan","ka prodi penjualan","siapa kepala prodi penjualan"],
              "responses": ["Kepala Prodi Penjualan saat ini dijabat oleh Bapak Agus Imam Santoso, S.Pd"]
             },         
             {"tag": "Waka Kurikulum",
              "patterns": ["siapa waka kurikulum", "waka kurikulum smk ype nusantara slawi","waka kurikulum","wakil kepala kurikulum smk ype nusantara"],
              "responses": ["Wakil Kepala Kurikulum SMK YPE Nusantara Slawi saat ini dijabat oleh Bapak Drs.Joko Santoso"]
             },
             {"tag": "Waka Kesiswaan",
              "patterns": ["siapa waka Kesiswaan", "waka kesiswaan smk ype nusantara slawi","waka kesiswaan","wakil kepala kesiswaan smk ype nusantara"],
              "responses": ["Wakil Kepala Kesiswaan SMK YPE Nusantara Slawi saat ini dijabat oleh Bapak Drs. Tri nugroho"]
             },
             {"tag": "Waka Humas",
              "patterns": ["siapa waka humas", "waka humas smk ype nusantara slawi","waka humas","wakil kepala humas smk ype nusantara"],
              "responses": ["Wakil Kepala Humas SMK YPE Nusantara Slawi saat ini dijabat oleh Bapak Drs. Nursoleh"]
             },     
             {"tag": "Bendahara Yayasan",
              "patterns": ["siapa bendahara yayasan", "bendahara yayasan smk ype nusantara slawi","bendahara yayasan","bendahara yayasan smk ype nusantara"],
              "responses": ["Bendahara Yayasan SMK YPE Nusantara Slawi saat ini dijabat oleh Bapak Sis Gunawan, S.Pd"]
             },           
             {"tag": "Ketua BKK",
              "patterns": ["siapa ketua bkk", "ketua bkk smk ype nusantara slawi","ketua bkk","ketua bkk humas smk ype nusantara"],
              "responses": ["Ketua BKK SMK YPE Nusantara Slawi saat ini dijabat oleh Bapak NurHidayat JM, S.Ag"]
             },
             {"tag": "Pelajaran Akuntansi",
              "patterns": ["apa yang dipelajari di prodi akuntansi","apa yang dipelajari di jurusan akuntansi", "pelajaran di akuntansi","pelajaran akuntansi","apa pelajaran di akuntansi"],
              "responses": ["Jurusan Akuntansi ini siswa akan belajar tentang pengelolaan administrasi khususnya pada bidang keuangan. Nantinya siswa akan belajar tentang Etika Profesi, Aplikasi Pengolahan Angka, Akuntansi Dasar, Perbankan Dasar, Praktikum Akuntansi Perusahaan Jasa, Dagang dan Manufaktur , Praktikum Akuntansi Lembaga/Instansi Pemerintah, Akuntansi Keuangan, Komputer Akuntansi, Administrasi Pajak dan Produk Kreatif Dan Kewirausahaan"]
             },
             {"tag": "Apa Itu Akuntansi",
              "patterns": ["apa itu akuntansi","akuntansi itu apa","pengertian akuntansi"],
              "responses": ["Akuntansi adalah proses pencatatan transaksi keuangan yang berkaitan dengan bisnis. Proses akuntansi adalah mencakup meringkas, menganalisis, dan melaporkan transaksi bisnis kepada lembaga pengawas, regulator, dan entitas pemungut pajak"]
             },
             {"tag": "Manfaat Akuntansi",
              "patterns": ["apa manfaat adanya akuntansi","manfaat akuntansi","manfaat adanya akuntansi","apa manfaat akuntansi"],
              "responses": ["Melindungi properti dan aset, Menyampaikan hasil, Keperluan legal, Klasifikasi data, Merangkum data, dan Menganalisa dan meramalkan keadaan"]
             },
             {"tag": "Mata Pelajaran Etika Profesi ",
              "patterns": ["apa yang dipelajari pada mata pelajaran etika profesi","pelajaran etika profesi","pelajaran etika profesi adalah"],
              "responses": ["Mata pelajaran Etika Profesi akan membahas materi-materi yang menyangkut bagaimana kode etik dan hal-hal lainnya yang berkaitan dengan profesi sebagai akuntan"]
             },
             {"tag": "Mata Pelajaran Aplikasi Pengolah Angka ",
              "patterns": ["apa yang dipelajari pada mata pelajaran aplikasi pengolah angka","pelajaran aplikasi pengolah angka","pelajaran aplikasi pengolah angka adalah" ],
              "responses": ["Mata pelajaran aplikasi pengolah angka pada mata pelajaran ini siswa akan mempelajari aplikasi pengolah angka yang dapat digunakan untuk mempermudah proses kerja akuntansi."]
             },
             {"tag": "Mata Pelajaran Akuntansi Dasar ",
              "patterns": ["apa yang dipelajari pada mata pelajaran akuntansi dasar","pelajaran akuntansi dasar","pelajaran akuntansi dasar adalah"],
              "responses": ["Mata pelajaran akuntansi dasar ini akan membahas dasar-dasar ilmu akuntansi, seperti konsep debit-kredit, neraca keuangan, atau menyajikan laporan keuangan."]
             },
             {"tag": "Mata Pelajaran Perbankan Dasar ",
              "patterns": ["apa yang dipelajari pada mata pelajaran perbankan dasar","pelajaran perbankan dasar","pelajaran perbankan dasar adalah"],
              "responses": ["Materi dasar-dasar perbankan yang akan diajarkan antara lain adalah sejarah uang, sejarah bank, fungsi bank, serta sistem operasional lembaga perbankan."]
             },           
             {"tag": "Mata Pelajaran Praktikum Akuntansi Perusahaan Jasa, Dagang dan Manufaktur ",
              "patterns": ["apa yang dipelajari pada praktikum akuntansi perusahaan jasa","pelajaran perbankan dasar","praktikum akuntansi perusahaan jasa adalah"],
              "responses": ["Pada Praktikum Akuntansi Perusahaan Jasa, Dagang dan Manufaktur ini materi yang dipelajari adalah mengenai buku besar dan kegunaannya, menentukan debet dan kredit, melakukan posting (pemindahan) entri jurnal ke buku besar hingga menyajikan hasil posting entri jurnal ke dalam buku besar"]
             },
             {"tag": "Mata Pelajaran Praktikum Akuntansi Lembaga/Instansi Pemerintah ",
              "patterns": ["apa yang dipelajari pada praktikum akuntansi lembaga/instansi pemerintah","praktikum akuntansi lembaga/instansi pemerintah","praktikum akuntansi lembaga/instansi pemerintah jasa adalah"],
              "responses": ["Praktikum Akuntansi Lembaga/Instansi Pemerintah ini akan membahas mengenai pengelolaan keuangan desa, perencanaan dan penganggaran keuangan desa, hingga mengolah perpajakan pada lembaga desa."]
             },
             {"tag": "Mata Pelajaran Akuntansi Keuangan",
              "patterns": ["apa yang dipelajari pada pelajaran akuntansi keuangan","pelajaran akuntansi keuangan","pelajaran akuntansi keuangan adalah"],
              "responses": ["Akuntansi Keuangan akan membahas tentang penyajian laporan keuangan kepada pihak luar berupa laporan neraca, rugi laba, perubahan modal dan arus kas kepada pemegang saham, kreditor, supplier dan pemerintah khususnya tentang profitabilitas dan kredibilitas perusahaan."]
             },
             {"tag": "Mata Pelajaran Komputer Akuntansi",
              "patterns": ["apa yang dipelajari pada pelajaran komputer akuntansi","pelajaran komputer akuntansi","pelajaran komputer akuntansi adalah"],
              "responses": ["Mata pelajaran komputer akuntansi akan membahas mengenai sistem akuntansi yang menggunakan teknologi komputer untuk menjalankan berbagai aplikasi-aplikasi yang dibutuhkan untuk melakukan proses pengelolaan keuangan."]
             },
             {"tag": "Mata Pelajaran Administrasi Pajak",
              "patterns": ["apa yang dipelajari pada pelajaran administrasi pajak","pelajaran administrasi pajak","pelajaran administrasi pajak adalah"],
              "responses": ["Dalam mata pelajaran administrasi pajak, siswa akan mempelajari hal-hal yang berkaitan dengan perpajakan. Misalnya pengertian pajak, fungsi pajak, kedudukan pajak, jenis-jenis pajak, tata cara pemungutan pajak, dan hal-hal lainnya yang berkaitan dengan pajak."]
             },
             {"tag": "Mata Pelajaran Produk Kreatif Dan Kewirausahaan",
              "patterns": ["apa yang dipelajari pada pelajaran produk kreatif dan kewirausahaan","pelajaran produk kreatif dan kewirausahaan","pelajaran produk kreatif dan kewirausahaan adalah"],
              "responses": ["Pada mata pelajaran ini siswa akan mempelajari ilmu mengenai kewirausahaan dan akan diperkenalkan dengan berbagai produk kreatif yang bisa menjadi peluang wirausaha."]
             },
             {"tag": "Apa itu akuntan",
              "patterns": ["apa itu akuntan","akuntan adalah","akuntan itu apa"],
              "responses": ["Secara harafiah dan legalitas akuntan diartikan sebagai sebutan dan gelar profesional yang diberikan kepada seorang sarjana yang telah menempuh pendidikan ekonomi jurusan akuntansi pada suatu universitas atau perguruan tinggi dan telah lulus Pendidikan Profesi Akuntansi (PPAk)"]
             },
             {"tag": "Janis profesi akuntansi",
              "patterns": ["jenis-jenis profesi akuntansi","jenis profesi akuntansi","profesi akuntan"],
              "responses": ["Akuntan Perusahaan, Akuntan Publik, Akuntan Pendidik, dan Akuntan Pemerintah"]
             },
             {"tag": "tugas akuntan perusahaan",
              "patterns": ["tugas-tugas akuntan perusahaan","tugas akuntan perusahaan","akuntan perusahaan"],
              "responses": ["Akuntan perusahaan tugasnya adalah menyusun sistem akuntansi, menyusun anggaran, meng-handle masalah perpajakan, melakukan audit internal hingga menyusun laporan keuangan baik dilakuan secara manual atau menggunakan aplikasi yang nantinya laporan keuangan tersebut akan digunakan untuk audit eksternal."]
             },
             {"tag": "tugas akuntan public",
              "patterns": ["tugas-tugas akuntan public","tugas akuntan public","akuntan public"],
              "responses": ["Akuntan public tugasnya adalah melakukan audit (pemeriksaan ), menyediakan jasa perpajakan hingga memberikan konsultasi manajemen"]
             },
             {"tag": "tugas akuntan pendidik",
              "patterns": ["tugas-tugas akuntan pendidik","tugas akuntan pendidik","akuntan pendidik"],
              "responses": ["Sesuai dengan namanya, akuntan pendidik ini bertugas di ranah pendidikan. Memiliki lingkup tugas seperti melakukan penelitian dan pengembangan akuntansi, mengajar di institusi pendidikan hingga menyusun kurikulum pendidikan akuntansi yang digunakan di perguruan tinggi"]
             },
             {"tag": "tugas akuntan pemerintah",
              "patterns": ["tugas-tugas akuntan pemerintah","tugas akuntan pemerintah","akuntan pemerintah"],
              "responses": ["Akuntan pemerintah ini bekerja di lembaga pemerintahan. Beberapa contoh lembaga pemerintahan yang memiliki profesi ini di dalamnya adalah BPK (Badan Pemeriksaan Keuangan) dan BPKP (Badan Pengawasan Keuangan dan Pembangunan). Pemerintah mempunyai standar akuntansi yang berlaku khusus untuk pembukuan pemerintahan."]
             },
             {"tag": "skill yang dibutuhkan akuntan",
              "patterns": ["skill yang dibutuhkan akuntan","skill akuntan","skill yang dibutukan akuntan"],
              "responses": ["Analisis, komunikasi, ketelitian, teknologi, bisnis, kreativitas, berpikir kritis, organisasi, manajemen waktu dan active learning"]
             },
        {
            "tag": "bisnis daring dan pemasaran, bdp",
            "patterns": [
                "Apa visi PRODI BISNIS DARING DAN PEMASARAN SMK YPE NUSANTARA SLAWI?"
            ],
            "responses": [
                "Menghasilkan lulusan yang Profesional, Berkarakter, Berbudaya Lingkungan dan Adaptif di Era Global"
            ]
        },
        {
            "tag": "bisnis daring dan pemasaran, bdp",
            "patterns": [
                "Apa misi PRODI BISNIS DARING DAN PEMASARAN SMK YPE NUSANTARA SLAWI?"
            ],
            "responses": [
                "Membekali peserta didik dengan pengembangan kepribadian secara utuh untuk meningkatkan keimanan",
                "ketakwaan dan akhlak mulia",
                "Membekali peserta didik dengan pengetahuan, ketrampilan, sikap, karakter, dan wawasan kebangsaan  agar bermartabat",
                "Memberi motivasi dan tantangan peserta didik dalam meningkatkan prestasi secara berkelanjutan untuk mencapai keunggulan",
                "Menyelenggarakan pendidikan dan pelatihan berbasis kompetensi sesuai dengan kebutuhan dunia kerja dan kebutuhan kompetensi di masa depan",
                "Mendukung tumbuh kembangnya pribadi peserta didik agar berjiwa wirausaha, memiliki kecakapan hidup dalam memasuki dunia kerja dan adaptif sesuai tuntutan jaman"
            ]
        },
        {
            "tag": "bisnis daring dan pemasaran, bdp",
            "patterns": [
                "Apa tujuan PRODI BISNIS DARING DAN PEMASARAN SMK YPE NUSANTARA SLAWI?"
            ],
            "responses": [
                "Menghasilkan lulusan yang beriman, bertaqwa, dan berakhlak mulia, mampu memelihara toleransi dan kerukunan umat beragama",
                "Menghasilkan lulusan yang berkarakter dan memiliki wawasan kebangsaan, memperkuat keutuhan bangsa dalam wilayah NKRI serta mampu melaksanakan hak dan kewajibannya sebagai warga negara",
                "Menghasilkan lulusan yang mandiri dan mampu bersaing serta mempunyai kemampuan untuk hidup berdampingan dengan bangsa lain",
                "Menghasilkan tenaga kerja tingkat menengah yang kompeten dan profesional, beretos kerja, pantang menyerah, berfikir, kritis, kreatif, inovatif, mampu berkolaboratif, berjiwa wirausaha dan mempunyai kecakapan hidup untuk memenuhi tuntutan dunia kerja dan adaptif terhadap kebutuhan kompetensi di masa depan",
                "Terciptanya lingkungan sekolah yang kondusif, cinta dan peduli lingkungan"
            ]
        },
        {
            "tag": "bisnis daring dan pemasaran, bdp",
            "patterns": [
                "Materi Apa Saja yang Diajarkan di SMK Jurusan BISNIS DARING DAN PEMASARAN (BDP?)"
            ],
            "responses": [
                "Selain Muatan Nasional dan Muatan Kewilayahan, di SMK YPE Nusantara Slawi tentu juga diajarkan  mata pelajaran Muatan Peminatan Kejuruan sesuai Kompetensi Keahlian yang diambil"
            ]
        },
        {
            "tag": "bisnis daring dan pemasaran, bdp",
            "patterns": [
                "Mata pelajaran muatan peminatan kejuruan apa saja pada jurusan BISNIS DARING DAN PEMASARAN (BDP)?"
            ],
            "responses": [
                "1. Penataan Produk",
                "2. Bisnis Online",
                "3. Pengelolaan Bisnis Ritel",
                "4. Administrasi Transaksi",
                "5. Produk Kreatif Kewirausahaan"
            ]
        },
        {
            "tag": "bisnis daring dan pemasaran, bdp",
            "patterns": [
                "Apa yang dimaksud dengan materi penataan produk?"
            ],
            "responses": [
                "Mata pelajaran ini membahas mengenai cara mengelompokkan barang sesuai dengan jenis dan kegunaan. Pengelompokan tersebut tentu juga dengan memperhatikan keindahan untuk menarik minat konsumen agar membeli produk tersebut. Dalam pengelompokan produk siswa juga dituntut untuk benar-benar memahami spesifikasi produk tersebut."
            ]
        },
        {
            "tag": "bisnis daring dan pemasaran, bdp",
            "patterns": [
                "Apa yang dimaksud dengan materi bisnis online?"
            ],
            "responses": [
                "Pada mata pelajaran Bisnis Online siswa dibekali dengan bagaimana cara pemasaran melalui internet. Pemasaran tersebut bisa dengan situs web atau memanfaatkan sosial media yang ada. Dengan berbisnis online tentunya akan lebih mudah dan tidak membutuhkan banyak biaya. Misalnya biaya untuk menyewa ruko, membeli stok barang, membayar karyawan dan lain sebagainya."
            ]
        },
        {
            "tag": "bisnis daring dan pemasaran, bdp",
            "patterns": [
                "Apa yang dimaksud dengan materi Pengelolaan Bisnis Ritel?"
            ],
            "responses": [
                "Pengelolaan bisnis ritel mempelajari bagaimana pengaturan keseluruhan faktor yang berpengaruh dalam proses perdagangan ritel. Misalnya faktor yang mempengaruhi perdagangan langsung barang dan jasa kepada konsumen."
            ]
        },
        {
            "tag": "bisnis daring dan pemasaran, bdp",
            "patterns": [
                "Apa yang dimaksud dengan materi Administrasi Transaksi?"
            ],
            "responses": [
                "Dalam Administrasi Transaksi siswa dibekali agar dapat melakukan pencatatan keuangan secara rapi dan terstruktur, sehingga hasil pencatatan tersebut mudah dipahami."
            ]
        },
        {
            "tag": "bisnis daring dan pemasaran, bdp",
            "patterns": [
                "Apa yang dimaksud dengan materi Produk Kreatif Kewirausahaan?"
            ],
            "responses": [
                "Pada mata pelajaran ini para siswa SMK dibentuk untuk menjadi pribadi yang siap kerja. Materi yang dibahas antara lain bagaimana memahami karakteristik wirausahawan, memahami peluang usaha produk dan jasa, hingga proses pengajuan hak atas kekayaan intelektual."
            ]
        },
        {
            "tag": "bisnis daring dan pemasaran, bdp",
            "patterns": [
                "Apa saja fasilitas yang ada di jurusan BISNIS DARING DAN PEMASARAN (BDP)?"
            ],
            "responses": [
                "Laboratorium Komputer, Ruang Praktek Program Keahlian BDP, Ruang Unit Produksi, Ruang Meeting"
            ]
        },
        {
            "tag": "bisnis daring dan pemasaran, bdp",
            "patterns": [
                "Prospek kerja apa saja yang dihasilkan dari jurusan BISNIS DARING DAN PEMASARAN (BDP)?"
            ],
            "responses": [
                "tenaga pemasaran, pramuniaga (tenaga penjual), tenaga pembelian, pengelola gudang, kasir, tenaga administrasi penjualan dan pembelian, perantara dagang, sosial media marketing, wiraswasta"
            ]
        },
        {
            "tag": "bisnis daring dan pemasaran, bdp",
            "patterns": [
                "Struktur Organisasi Program Studi Bisnis Daring Dan Pemasaran Tahun Pelajaran 2022 – 2023?"
            ],
            "responses": [
                "KEPALA SEKOLAH: Wahyu Handoko Putro, S. E",
                "KAPRODI: AGUS IMAM S,S.Pd",
                "SEKRETARIS: ENY YUNI S, S.Pd",
                "BENDAHARA: SIGUNAWAN S.Pd",
                "GURU MAPEL"
            ]
        },
        {
            "tag": "smk, ype, slawi, profil",
            "patterns": [
                "Apa nama sekolahnya?"
            ],
            "responses": [
                "SMK YPE NUSANTARA SLAWI"
            ]
        },
        {
            "tag": "smk, ype, slawi, profil",
            "patterns": [
                "Profil SMK YPE Nusantara Slawi?"
            ],
            "responses": [
                "1. SMK YPE NUSANTARA SLAWI berdiri sejak tahun 1972 dengan kantor pusat yayasan pendidikan Ekonomi (YPE) ada di Semarang",
                "2. Memiliki gedung yang megah yang beralamat di jalan MT Haryono Kalisapu Slawi Kab. Tegal",
                "3. Sekolah Swasta jurusan bisnis dan manajemen yang pertama di Kab Tegal",
                "4. Sekolah yang sudah terakreditasi oleh BAN",
                "5. Memiliki standar ISO:2008 dalam sistem manajemen",
                "6. Pembelajaran menggunakan LCD Proyektor"
            ]
        },
        {
            "tag": "smk, ype, slawi, profil",
            "patterns": [
                "Kapan tahun berdirinya?"
            ],
            "responses": [
                "1 Januari 1972 "
            ]
        },
        {
            "tag": "smk, ype, slawi, profil",
            "patterns": [
                "Apa akreditasi nya?"
            ],
            "responses": [
                "B"
            ]
        },
        {
            "tag": "smk, ype, slawi, profil",
            "patterns": [
                "di mana alamat nya?"
            ],
            "responses": [
                "Jln. Letjen M.T. Haryono Kalisapu Slawi"
            ]
        },
        {
            "tag": "smk, ype, slawi, profil",
            "patterns": [
                "Sipa kepala sekolah nya?"
            ],
            "responses": [
                "Wahyu Handoko Putro, S. E"
            ]
        },
        {
            "tag": "smk, ype, slawi, profil",
            "patterns": [
                "Guru di SMK YPE Nusantara Slawi?"
            ],
            "responses": [
                "Drs. Tri Nugroho: Bahasa Indonesia",
                "Winarti, S.Pd: Akuntansi",
                "Sudarmanto, S.Pd: Akuntansi",
                "Arimul Arifatul A, S.Pd: Akuntansi",
                "Nur Hidayati, S.Pd: Akuntansi",
                "Dra. Sri Rejeki: Produktif Perkantoran",
                "Supriyanti, S.Pd: Produktif Perkantoran",
                "Sulistiowati, S.Pd: Produktif Perkantoran",
                "Agus Imam Santoso, S.Pd: Produktif Penjualan",
                "Sis Gunawan, S.Pd: Penjaskes",
                "Eny Yuni, S.Pd: Produktif Penjualan",
                "Yohana Herniawati, SE, S.Pd: Produktif Penjualan",
                "Ahmad Masduki, S.Ag, M.PdI: PAI",
                "Tyn Herlina, S.Pd: PPKN",
                "Maemunah Bachro, S.Pd: PPKN",
                "Sekar Aji Widuratmi, S.Pd:",
                "Indar Sehatu, S.Pd: Sejarah, Seni",
                "Siswoyo, S.Pd: Bhs. Inggris",
                "Sutanto, S.Pd: Bhs. Inggris",
                "Nur Hidayat JM, S.Ag: BP",
                "Rizal Yanuar P, S.Pd: Matematika, IPA",
                "Agustinah, S.Pd: Bhs. Inggris",
                "M. Abdul Rokhman, S.Pd: Matematika, IPA",
                "Margiyanti, S.Pd: Penjaskes",
                "Resmiyati, S.Pd: Matematika",
                "Dra. Indriyati PW: BP/BK",
                "Ana Rahmawati, S.Pd: Bahasa Jawa",
                "Nurul Maftukha, S.Pd: Prakarya",
                "Arief Maulana, S.Pd: Penjaskes",
                "Dwi Septiani: Akuntansi"
            ]
        },
        {
            "tag": "smk, ype, slawi, profil",
            "patterns": [
                "TU SMK YPE Nusantara Slawi?"
            ],
            "responses": [
                "Tarno Riyanto",
                "Dyah Sianringsasi",
                "Sri Tutut",
                "Sri Lestari",
                "Ali Usman"
            ]
        },
        {
            "tag": "smk, ype, slawi, profil",
            "patterns": [
                "Keunggulan SMK YPE Nusantara Slawi dengan sekolah swasta yang lain di kabupaten tegal?"
            ],
            "responses": [
                "1. Pelopor SMK Swasta pertama dan terpercaya di Kab.Tegal",
                "2. Berdiri tahun 1972 dan sudah terAkreditasi BAS-SM",
                "3. Biaya murah dan terjangkau",
                "4. Tempat strategis, asri, bangunan baru dan lingkungan mudah dijangkau",
                "5. Fasilitas lengkap",
                "6. Menerapkan program revitalisasi SMK yang bekerjasama dengan DU/DI",
                "7. Tempat PKL di beberapa instansi negeri maupun swasta ternama di Kab.Tegal",
                "8. Mengupayakan penyaluran lulusan melalui BKK",
                "9. Sudah menghasilkan ribuan alumni yang bekerja di dalam maupun luar negeri"
            ]
        },
        {
            "tag": "smk, ype, slawi, profil",
            "patterns": [
                "Fasilitas Ruang SMK YPE Nusantara Slawi dengan sekolah swasta yang lain di kabupaten tegal?"
            ],
            "responses": [
                "28 Kelas Ruang Belajar Teori",
                "4 Lab Komputer",
                "1 Lab Bahasa Inggris",
                "1 Bengkel Multimedia",
                "1 Swalayan",
                "1 Lab Perbankan Akuntansi",
                "1 Lab Unit Produksi AP",
                "1 Musholla",
                "1 Sanggar Seni",
                "2 Lapangan Bola Voly",
                "1 Lapangan Futsal",
                "1 Ruang Band Musik",
                "1 Lapangan Basket",
                "3 Parkir Siswa",
                "1 Parkir Guru",
                "1 Ruang Osis",
                "1 Ruang BP",
                "1 Ruang BKK",
                "2 Ruang Praktek Siswa (RPS)",
                "1 Ruang Perpustakaan",
                "1 Ruang Kepala Sekolah",
                "1 Ruang Guru",
                "1 Ruang Yayasan",
                "1 Ruang TU"
            ]
        },
        {
            "tag": "smk, ype, slawi, profil",
            "patterns": [
                "Kegiatan Ekstrakulikuler Di Smk Ype Nusantara Slawi?"
            ],
            "responses": [
                "1. PRAMUKA",
                "2. PASKIBRA",
                "3. PKS",
                "4. ROHIS",
                "5. PMR",
                "6. BOLA VOLY",
                "7. BASKET",
                "8. KARATE",
                "9. FUTSAL",
                "10. HADROH",
                "11. SENI TARI",
                "12. SENI CALUNG",
                "13. SENI MUSIK",
                "14. SENI TEATER"
            ]
        },
        {
            "tag": "smk, ype, slawi, profil",
            "patterns": [
                "Prestasi SMK YPE Nusantara Slawi?"
            ],
            "responses": [
                "Juara 2 LKS Adm Perkantoran Tingkat Kab. Tegal 2016",
                "Juara 3 LKS Akuntansi Tingkat Kab. Tegal 2016",
                "Juara 3 LKS Adm Perkantoran Tingkat Kab. Tegal 2017",
                "Juara 3 LKS Akuntansi Tingkat Kab. Tegal 2017",
                "Juara 1 Kebersihan Lingkunagan 2018"
            ]
        },
        {
            "tag": "akuntansi, akl",
            "patterns": [
                "Visi prodi Akuntansi (akl)?"
            ],
            "responses": [
                "Menjadi Program Studi Unggul dan terkemuka di Indonesia untuk menghasilkan tenaga profesional dibidang Akuntansi Keuangan, Akuntansi Manajemen, Akuntansi Pajak,  Pemeriksaan Akuntan dan Sistem Informasi Akuntansi yang memenuhi kebutuhan industri dan masyarakat dalam persaingan global pada tahun 2024"
            ]
        },
        {
            "tag": "akuntansi, akl",
            "patterns": [
                "Misi prodi Akuntansi (akl)?"
            ],
            "responses": [
                "1. Melaksanakan proses belajar mengajar yang memadukan teori dan aplikasi dibidang Akuntansi Keuangan, Akuntansi Manajemen, Pemeriksaan Akuntan, Akuntansi Pajak, dan Sistem Informasi akuntansi",
                "2. Menerapkan manajemen pendidikan tinggi yang efektif dan efisien",
                "3. Melakukan pengkajian, pelatihan akuntansi, sesuai Tri Dharma Perguruan Tinggi dan mengembangkan jaringan kerjasama dengan industri dan kemitraan yang berkelanjutan sebagai respon perubahan arus daya saing global.",
                "4. Pengembangan karakter siswa berjiwa kewirausahaan dan memiliki etika profesional yang dapat memberikan kontribusi positif terhadap peningkatan kualitas hidup."
            ]
        },
        {
            "tag": "akuntansi, akl",
            "patterns": [
                "Prospek Lulusan Jurusan Akuntansi (akl)?"
            ],
            "responses": [
                "Lulusan Akuntansi bisa bekerja sebagai Staf Akuntansi (Perusahaan), Staf Akuntansi (Keuangan diinstansi pemerintah), Staf Akuntansi Internal Auditor, Kasir toko/swalayan, Customer Service, Kasir Bank, Staf Perpajakan, Staf Administrasi dan Wirausaha. Selain itu, lulusan Akutansi juga dapat bekerja diperusahaan baik didalam maupun luar negeri karena BKK SMK YPE Nusantara Slawi sudah bekerja sama dengan perusahaan tersebut. Sehingga lulusan SMK YPE Nusantara Slawi dijamin bisa langsung kerja diperusahaan tersebut."
            ]
        },
        {
            "tag": "akuntansi, akl",
            "patterns": [
                "Perusahaan yang ada didalam Negeri yang sudah bekerjasama dengan BKK SMK YPE Nusantara Slawi?"
            ],
            "responses": [
                "1. PT.INDONESIA EPSON INDUSTRY: CIKARANG",
                "2. PT.KIYOKUNI: CIKARANG",
                "3. PT.SANOH: CIKARANG",
                "4. PT.DENSO INDONESIA: CIKARANG",
                "5. PT.MUSASHI AUTO PART INDONESIA: CIKARANG",
                "6. PT.HITACHI: KARAWANG",
                "7. PT.YAMAHA INDONESIA: PULAU GADUNG",
                "8. PT.HPM (HONDA PROSPECT MOTOR): KARAWANG",
                "9. PT.NIFCO INDONESIA: KARAWANG",
                "10. PT.YASUNLI MM 2100: CIBITUNG",
                "11. PT.LG IGNOTEC MM 2100: CIBITUNG",
                "12. SOLARIA RESTORAN: JABODETABEK",
                "13. PT.NIDEC SANKYO: BEKASI",
                "14. PT.SAS (SINAR ALUM SARANA): TANGGERANG",
                "15. PT.OPPO MANUFACTURINNG: TANGGERANG",
                "16. PT.LINKFORTUNE: KENDAL",
                "Dan masih banyak lagi"
            ]
        },
        {
            "tag": "akuntansi, akl",
            "patterns": [
                "Perusahaan di Luar Negeri yang sudah bekerja sama dengan BKK SMK YPE Nusantara Slawi??"
            ],
            "responses": [
                "1. KILANG SAMSUNG ELECTRONIC: KILANG SELANGOR MALAYSIA",
                "2. KILANG INTECH SAIKO: TEBRAU JOHOR MALAYSIA",
                "3. KILANG AMPHENOL: MERTAJAM PENANG MALAYSIA",
                "4. KAMAYA ELECTRIC: IPOH, PERAK MALAYSIA",
                "5. KILANG TOP GLOVE: KILANG SELANGOR MALAYSIA",
                "6. KILANG INFENEON: BATU BERENDAM MALAKA MALAYSIA",
                "7. KILANG NXP SEMI KONDUKTOR: PETALING JAYA SELANGOR MALAYSIA",
                "8. KILANG VENTUR: TEBRAU JOHOR MALAYSIA"
            ]
        },
        {
            "tag": "akuntansi, akl",
            "patterns": [
                "Keunggulan Prodi Akuntansi (Akl) Dengan Jurusan Yang Lain?"
            ],
            "responses": [
                "SMK YPE Nusantara Slawi jurusan Akuntansi mempunyai tempat praktek disekolahan yaitu Lab Perbankan yang setiap hari buka untuk melayani simpan pinjam siswa dan guru. Semua petugas dari siswa khususnya kelas 2 yang langsung dibimbing oleh guru Akuntansi dan dari pihak Bank BPR. Bank yang dikelola sekolah sudah bekerjasama dengan BPR. Setiap kegiatan PRAKERIN (Praktek Kerja Industri), siswa SMK YPE Nusantara Slawi jurusan Akuntansi ditempatkan dilembaga keuangan dan kami sudah MOU dengan mereka. Lembaga Keuangan tersebut antara lain Bank BPR Sahabat Tata, BKK, BMT dan Lembaga Keuangan Lainnya."
            ]
        },
        {
            "tag": "akuntansi, akl",
            "patterns": [
                "Fasilitas yang dimiliki prodi Akuntansi (AKL)?"
            ],
            "responses": [
                "Lab komputer dan Lab Bank Mini Nusantara"
            ]
        },
        {
            "tag": "multimedia, mm, desain komunikasi visual, dkv",
            "patterns": [
                "Visi prodi multimedia (mm)/desain komunikasi visual (dkv)?"
            ],
            "responses": [
                "Dilandasi iman dan taqwa serta jiwa kebersamaan menjadikan sekolah unggulan dalam berprestasi dan menghasilkan tamatan yang mampu bersaing di masa sekarang dan yang akan datang."
            ]
        },
        {
            "tag": "multimedia, mm, desain komunikasi visual, dkv",
            "patterns": [
                "Misi prodi multimedia (mm)/desain komunikasi visual (dkv)??"
            ],
            "responses": [
                "1. Melaksanakan kegiatan keagamaan sesuai agama yang dianut dan menimbulkan cinta budaya bangsa sebagai pedoman dalam bertindak.",
                "2. Melaksanakan hidup bersama dan berguna bagi orang lain.",
                "3. Menumbuhkan semangat keunggulan dan kompetitif secara aktif, kreatif, efektif dan menyenangkan.",
                "4. Melaksanakan kegiatan belajar mengajar secara optimal yang berorientasi kepada pencapaian kompetensi yang berstandar nasional dengan tetap mempertimbangkan potensi yang dimiliki peserta didik.",
                "5. Meningkatkan hubungan sekolah dengan dunia usaha dan industry (DUDI) maupun lembaga sertifikasi profesi."
            ]
        },
        {
            "tag": "multimedia, mm, desain komunikasi visual, dkv",
            "patterns": [
                "Tujuan prodi multimedia (mm)/desain komunikasi visual (dkv)??"
            ],
            "responses": [
                "1. Menghasilkan siswa yang berkarakter sesuai profil pelajar Pancasila.",
                "2. Meningkatkan mutu manajemen sekolah yang sesuai dengan standar nasional pandidikan.",
                "3. Meningkatkan mutu layanan pendidikan dengan menerapkan Gerakan Sekolah Menyenangkan.",
                "4. Meningkatkan upaya pelestarian lingkungan hidup.",
                "5. Melakukan pencegahan kerusakan lingkungan hidup.",
                "6. Meningkatkan kompetensi pendidik dan tenaga kependidikan sesuai dengan perkembangan teknologi dan berintegritas tinggi.",
                "7. Mengembangkan kurikulum operasional sekolah berbasis project based learning tersinkronisasi dengan dunia kerja dan industri.",
                "8. Menyiapkan fasilitas proses pembelajaran secara optimal berstandar dunia kerja dan industri.",
                "9. Menumbuhkan jiwa wirausaha peserta didik yang berbasis technosociopreneur.",
                "10. Meningkatkan kompetensi kewirausahaan peserta didik yang berbasis techno sociopreneur.",
                "11. Meningkatkan kesadaran siswa akan pentingnya budaya kerja di dunia kerja dan industry.",
                "12. Membiasakan siswa untuk menerapkan budaya kerja di dunia kerja dan industri.",
                "13. Mengembangkan kerja sama yang luas dan bermakna dengan pemangku kepentingan, dunia kerja dan industri nasional dan internasional.",
                "14. Mengembangkan jiwa kompetisi peserta didik sesuai dengan perkembangan ilmu pengetahuan dan teknologi di era global.",
                "15. Memfasilitasi peserta didik dapat melampaui kompetensi sebagaimana terkandung dalam KKNI dan SKKNI bidang Desain Komunikasi Visual.",
                "16.Menyiapkan lulusan yang berakhlak mulia, jujur, bertanggungjawab dan berwawasan interpreneur."
            ]
        },
        {
            "tag": "multimedia, mm, desain komunikasi visual, dkv",
            "patterns": [
                "Apa Saja KOMPETENSI / MATERI YANG DIAJARKAN Program Studi Multimedia (Mm)/Desain Komunikasi Visual (Dkv)?"
            ],
            "responses": [
                "1. Dasar-dasar Kejuruan DKV",
                "2. Fotografi",
                "3. Videografi",
                "4. Animasi 2D & 3D",
                "5. Desain Grafis Percetakan",
                "6. Desain Media Interaktif",
                "7. Teknik Pengolahan Audio Video"
            ]
        },
        {
            "tag": "multimedia, mm, desain komunikasi visual, dkv",
            "patterns": [
                "Prospek Program Studi Multimedia (Mm)/Desain Komunikasi Visual (Dkv)?"
            ],
            "responses": [
                "Selain mendapatkan pengetahuan tentang teori desain, sketsa, percetakan, fotografi dan videografi, para siswa juga dibekali dengan keterampilan dengan kegiatan Praktek Kerja Lapangan. PKL (Praktek Kerja Lapangan) adalah kegiatan pendidikan, pelatihan dan pembelajaran yang dilaksanakan di dunia usaha atau dunia industri. Para siswa dapat:",
                "a. Merancang dan membuat produk media desain komunikasi visual komersial maupun sosial",
                "b. Melaksanakan quality control disetiap tahap proses produk media desain komunikasi visual",
                "c. Mampu bersaing pada pasar kerja di dunia usaha dan dunia industri sesuai kompetensi yang dimiliki",
                "d. Memiliki jiwa wirausaha berbasis techno-sociopreneur"
            ]
        },
        {
            "tag": "multimedia, mm, desain komunikasi visual, dkv",
            "patterns": [
                "Mitra dudika kelas industri mm/ dkv?"
            ],
            "responses": [
                "1. Coklat Multimedia",
                "2. Percetakan sekitar kabupaten Tegal"
            ]
        },
        {
            "tag": "multimedia, mm, desain komunikasi visual, dkv",
            "patterns": [
                "Keunggualan Program Studi Program Studi Multimedia (Mm)/Desain Komunikasi Visual (Dkv)?"
            ],
            "responses": [
                "1. Dapat melanjutkan pendidikan / kuliah yang lebih tinggi ke berbagai Perguruan Tinggi Negeri dan Perguruan Tinggi Swasta.",
                "2. Dapat langsung bekerja dalam berbagai profesi di antaranya: Fotografer, Videographer, Editor, Desainer, Pengusaha percetakan, Model",
                "3. Peserta didik SMK YPE NUSANTARA SLAWI tidak hanya disuguhi teori, tetapi juga dibekali dengan berbagai hal di antaranya:",
                "a. Pembelajaran di dalam kelas",
                "b. Pembelajaran di tempat kerja: Kegiatan berbasis projek dan Kunjungan industry"
            ]
        },
        {
            "tag": "multimedia, mm, desain komunikasi visual, dkv",
            "patterns": [
                "Guru Dan Mata Pelajaran Yang Diampu Program Studi Multimedia (Mm) / Desain Komunikasi Visual (Dkv)?"
            ],
            "responses": [
                "1. Lela Desi Nugraheni, S.Kom: Desain Media Interaktif",
                "2. M. Ashimmudin, S.Kom: TPAV, DGP",
                "3. Faiq Rizal, S.Kom: Dasar-dasar DKV, Animasi 2D&3D"
            ]
        },
        {
            "tag": "multimedia, mm, desain komunikasi visual, dkv",
            "patterns": [
                "Fasilitas Program Studi Multimedia (Mm) / Desain Komunikasi Visual (Dkv)?"
            ],
            "responses": [
                "1. Laboratorium Multimedia",
                "2. Laboratorium Studio",
                "3. Ruang Produksi (percetakan)"
            ]
        },
        {
            "tag": "multimedia, mm, desain komunikasi visual, dkv",
            "patterns": [
                "Struktur Organisasi Program Studi Multimedia (Mm) / Desain Komunikasi Visual (Dkv) Tahun Pelajaran 2022/2023?"
            ],
            "responses": [
                "KEPALA SEKOLAH: WAHYU HANDOKO P, S.E.",
                "KAPRODI: Lela Desi Nugraheni, S.Kom",
                "KETUA UNIT PRODUKSI: M. Ashimmudin, S.Kom",
                "Bendahara/Sekertaris: Lela Desi Nugraheni, S.Kom",
                "Bagian Produksi: Faiq Rizal, S.Kom",
                "GURU PRODUKTIF: M. Ashimmudin, S.Kom dan Faiq Rizal, S.Kom",
                "Guru Mapel"
            ]
        },
        {
            "tag": "Otomatisasi Dan Tata Kelola Perkantoran, Otkp, Manajemen Perkantoran Dan Layanan Bisnis, Mplb",
            "patterns": [
                "Visi program studi Otomatisasi Dan Tata Kelola Perkantoran (Otkp) / Manajemen Perkantoran Dan Layanan Bisnis (Mplb)?"
            ],
            "responses": [
                "Dilandasi iman dan taqwa serta jiwa kebersamaan menjadikan sekolah unggulan dalam berprestasi dan menghasilkan tamatan yang mampu bersaing di masa sekarang dan yang akan datang."
            ]
        },
        {
            "tag": "Otomatisasi Dan Tata Kelola Perkantoran, Otkp, Manajemen Perkantoran Dan Layanan Bisnis, Mplb",
            "patterns": [
                "Misi prodi Akuntansi (akl)?"
            ],
            "responses": [
                "1. Melaksanakan kegiatan keagamaan sesuai agama yang dianut dan menimbulkan cinta budaya bangsa sebagai pedoman dalam bertindak.",
                "2. Melaksanakan hidup bersama dan berguna bagi orang lain.",
                "3. Menumbuhkan semangat keunggulan dan kompetitif secara aktif, kreatif, efektif dan menyenangkan.",
                "4. Melaksanakan kegiatan belajar mengajar secara optimal yang berorientasi kepada pencapaian kompetensi yang berstandar nasional dengan tetap mempertimbangkan potensi yang dimiliki peserta didik.",
                "5. Meningkatkan hubungan sekolah dengan dunia usaha dan industry (DUDI) maupun lembaga sertifikasi profesi."
            ]
        },
        {
            "tag": "Otomatisasi Dan Tata Kelola Perkantoran, Otkp, Manajemen Perkantoran Dan Layanan Bisnis, Mplb",
            "patterns": [
                "Tujuan Program Studi Otomatisasi Dan Tata Kelola Perkantoran (Otkp) / Manajemen Perkantoran Dan Layanan Bisnis (Mplb)?"
            ],
            "responses": [
                "1. Membekali peserta didik agar beriman dan bertakwa kepada Allah SWT, berakhlak mulia, sehat, berilmu, cakap, kreatif, mandiri, dan menjadi warga negara yang demokratis serta bertanggung jawab.",
                "2. Membekali peserta didik agar dapat mengimplementasikan konsep wawasan tentang perkembangan teknologi yang menyangkut pada alat atau sistem dalam manajemen perkantoran.",
                "3. Membekali peserta didik agar memiliki jiwa Entrepreneur yang mandiri dan berkepribadian sesuai dengan Profil Pelajar Pancasila.",
                "4. Membekali peserta didik agar memiliki kompetensi dalam bidang manajemen perkantoran dan layanan bisnis sesuai dengan kebutuhan yang ada di industri.",
                "5. Membekali peserta didik menjadi tenaga Administrasi Perkantoran, baik dalam kantor pemerintahan maupun dunia usaha.",
                "6. Menerapkan dan mengembangkan kemampuan berkomunikasi baik lisan maupun tertulis dengan relasi dengan memperhatikan norma dan lingkungan masyarakat.",
                "7. Menerapkan dan mengembangkan kemampuan  teknologi   informasi untuk melaksanakan tugas secara efektif dan efisien.",
                "8. Menerapkan dan mengembangkan kemampuan untuk merencanakan, melaksanakan, mengorganisasi dan mengevaluasi tugas yang menjadi tanggungjawabnya.",
                "9. Memasuki lapangan kerja serta dapat mengembangkan sikap professional dalam lingkup keahlian Bisnis dan Manajemen Perkantoran.",
                "10. Mampu memilih karier, mampu berkompetisi dan mampu mengembangkan diri dalam lingkup keahlian Bisnis dan Manajemen Perkantoran.",
                "11. Menjadi tenaga kerja tingkat menengah untuk mengisi kebutuhan dunia usaha dan industri pada saat ini maupun masa yang akan dating dalam lingkup keahlian Bisnis dan Manajemen Perkantoran.",
                "12. Menjadi warga Negara yang produktif, adaptif, selektif dan kreatif."
            ]
        },
        {
            "tag": "Otomatisasi Dan Tata Kelola Perkantoran, Otkp, Manajemen Perkantoran Dan Layanan Bisnis, Mplb",
            "patterns": [
                "Kompetensi / Materi Yang Diajarkan Pada Program Studi Otomatisasi Dan Tata Kelola Perkantoran (Otkp) / Manajemen Perkantoran Dan Layanan Bisnis (Mplb)?"
            ],
            "responses": [
                "1. Dasar-dasar Kejuruan MPLB",
                "2. Ekonomi dan Bisnis",
                "3. Pengelolaan Administrasi Umum",
                "4. Komunikasi di Tempat Kerja",
                "5. Pengelolaan Kearsipan",
                "6. Teknologi Perkantoran",
                "7. Pengelolaan Rapat/Pertemuan",
                "8. Administrasi Humas dan Keprotokolan",
                " 9. Pengelolaan Keuangan Sederhana",
                "10. Administrasi SDM/Kepegawaian",
                "11. Administrasi Sarana dan Prasarana"
            ]
        },
        {
            "tag": "Otomatisasi Dan Tata Kelola Perkantoran, Otkp, Manajemen Perkantoran Dan Layanan Bisnis, Mplb",
            "patterns": [
                "Prospek Program Studi Otomatisasi Dan Tata Kelola Perkantoran (Otkp) / Manajemen Perkantoran Dan Layanan Bisnis (Mplb)?"
            ],
            "responses": [
                "Selain mendapatkan pengetahuan tentang teori Manajemen Perkantoran, para siswa juga dibekali dengan keterampilan dengan kegiatan Praktek Kerja Lapangan. PKL (Praktek Kerja Lapangan) adalah kegiatan pendidikan, pelatihan dan pembelajaran yang dilaksanakan di dunia usaha atau dunia industri. Para siswa Program Keahlian OTK / MPLB akan ditempatkan di kantor atau perusahaan untuk mempraktekkan secara langsung teori-teori maupun praktek yang sudah mereka dapatkan di sekolah. Harapannya kegiatan PKL ini dapat meningkatkan mutu para siswa dan sebagai bekal untuk memasuki dunia kerja"
            ]
        },
        {
            "tag": "Otomatisasi Dan Tata Kelola Perkantoran, Otkp, Manajemen Perkantoran Dan Layanan Bisnis, Mplb",
            "patterns": [
                "Peluang Kerja Lulusan Program Studi Otomatisasi Dan Tata Kelola Perkantoran (Otkp) / Manajemen Perkantoran Dan Layanan Bisnis (Mplb)?"
            ],
            "responses": [
                "1.RESEPSIONIS / RECEPTIONIST / FRONT OFFICE",
                "2.SEKRETARIS / SECRETARY",
                "3.STAF ADMINISTRASI",
                "4.STAF PERSONALIA",
                "5.EVENT ORGANIZER",
                "6.RESEPSIONIS",
                "7.ASISTEN ARSIPARIS",
                "8.LAYANAN PELANGGAN",
                "9.WIRAUSAHA/ ENTERPRENUER",
                "10.STAFF PERSONALIA"
            ]
        },
        {
            "tag": "Otomatisasi Dan Tata Kelola Perkantoran, Otkp, Manajemen Perkantoran Dan Layanan Bisnis, Mplb",
            "patterns": [
                "Apa yang dimaksud dengan RESEPSIONIS / RECEPTIONIST / FRONT OFFICE?"
            ],
            "responses": [
                "Seorang resepsionis harus memiliki sifat yang ramah terhadap tamu, agar memberikan kenyamanan terhadap pelayanan perusahaan. Tugasnya adalah menerima tamu di sebuah perusahaan, serta menjadi front office di sebuah hotel."
            ]
        },
        {
            "tag": "Otomatisasi Dan Tata Kelola Perkantoran, Otkp, Manajemen Perkantoran Dan Layanan Bisnis, Mplb",
            "patterns": [
                "Apa yang dimaksud dengan SEKRETARIS / SECRETARY?"
            ],
            "responses": [
                "Sebuah profesi administratif yang bersifat asisten/mendukung. Tugasnya ialah melaksanakan pekerjaan rutin, tugas-tugas administratif, atau tugas pribadi dari atasannya."
            ]
        },
        {
            "tag": "Otomatisasi Dan Tata Kelola Perkantoran, Otkp, Manajemen Perkantoran Dan Layanan Bisnis, Mplb",
            "patterns": [
                "Apa yang dimkasud dengan STAF ADMINISTRASI?"
            ],
            "responses": [
                "Seorang staf administrasi dituntut untuk menjadi orang yang teliti, terkait pekerjaan yang banyak berkaitan dengan penyusunan data hingga agenda kerja."
            ]
        },
        {
            "tag": "Otomatisasi Dan Tata Kelola Perkantoran, Otkp, Manajemen Perkantoran Dan Layanan Bisnis, Mplb",
            "patterns": [
                "Apa yang dimaksud dengan STAF PERSONALIA?"
            ],
            "responses": [
                "Tugasnya adalah mengurus hal-hal seperti penggajian karyawan, presensi, cuti, dan administrasi karyawan yang lainnya."
            ]
        },
        {
            "tag": "Otomatisasi Dan Tata Kelola Perkantoran, Otkp, Manajemen Perkantoran Dan Layanan Bisnis, Mplb",
            "patterns": [
                "Apa yang dimaksud dengan EVENT ORGANIZER?"
            ],
            "responses": [
                "Seorang EO perlu memiliki kepribadian yang kreatif, dan inofatif serta tanggung jawab yang besar. Misalnya; sebuah perusahaan yang akan menyelenggarakan hari ulang tahunnya, itulah tugas EO untuk mengatur jalannya acara dari awal hingga akhir."
            ]
        },
        {
            "tag": "Otomatisasi Dan Tata Kelola Perkantoran, Otkp, Manajemen Perkantoran Dan Layanan Bisnis, Mplb",
            "patterns": [
                "Apa yang dimaksud dengan RESEPSIONIS?"
            ],
            "responses": [
                "Seorang resepsionis harus memiliki kemampuan berkomunikasi yang baik. Seorang resepsionis pasti akan banyak dicari karena setiap perusahaan yang bergerak di bidang apapun pasti akan membutuhkan posisi resepsionis untuk menjadi bagian front office perusahaan mereka."
            ]
        },
        {
            "tag": "Otomatisasi Dan Tata Kelola Perkantoran, Otkp, Manajemen Perkantoran Dan Layanan Bisnis, Mplb",
            "patterns": [
                "Apa yang dimaksud dengan ASISTEN ARSIPARIS?"
            ],
            "responses": [
                "Jabatan asisten arsiparis bertugas menerima dan membuat arsip dalam upaya menciptakan arsip, memverifikasi autentisitas arsip yang tercipta, melakukan pemberkasan arsip aktif, penataan dan penyimpanan arsip inaktif, melakukan identifikasi dan alih media arsip aktif, arsip inaktif, arsip vital, maupun arsip terjaga."
            ]
        },
        {
            "tag": "Otomatisasi Dan Tata Kelola Perkantoran, Otkp, Manajemen Perkantoran Dan Layanan Bisnis, Mplb",
            "patterns": [
                "Apa yang dimaksud dengan LAYANAN PELANGGAN?"
            ],
            "responses": [
                "Tugas layanan pelanggan bagian dari Public Relations untuk membangun hubungan baik dengan pelanggan, memberikan solusi terbaik atas keluhan yang disampaikan konsumen,     memiliki pengetahuan seputar produk atau layanan yang ditawarkan perusahaan, menjual produk atau jasa."
            ]
        },
        {
            "tag": "Otomatisasi Dan Tata Kelola Perkantoran, Otkp, Manajemen Perkantoran Dan Layanan Bisnis, Mplb",
            "patterns": [
                "Apa yang dimaksud dengan WIRAUSAHA/ ENTERPRENUER?"
            ],
            "responses": [
                "Dengan pengetahuan dan keterampilan yang didapatkan selama tiga tahun pembelajaran, para lulusan SMK Jurusan OTKP tidak harus bekerja di perusahaan. Mereka bisa membuka peluang kerja sendiri, misalnya dengan membuka jasa event organizer. Berbekal kemampuan multitasking, ketelitian, dan kemampuan mengorganisir yang baik, mereka bisa mengembangkannya dengan membuka usaha sendiri."
            ]
        },
        {
            "tag": "Otomatisasi Dan Tata Kelola Perkantoran, Otkp, Manajemen Perkantoran Dan Layanan Bisnis, Mplb",
            "patterns": [
                "Apa yang dimaksud dengan STAFF PERSONALIA?"
            ],
            "responses": [
                "Jabatan staff personalia berbeda dengan HRD. Staff personalia bertanggung jawab untuk hal-hal seperti database karyawan, payroll, atau pembayaran-pembayaran lainnya. Staff personalia juga bertugas untuk mengelola hal-hal seperti absensi karyawan, pinjaman karyawan, atau pencatatan cuti tahunan setiap karyawan."
            ]
        },
        {
            "tag": "Otomatisasi Dan Tata Kelola Perkantoran, Otkp, Manajemen Perkantoran Dan Layanan Bisnis, Mplb",
            "patterns": [
                "Mitra dudika kelas industri otkp/ mplb?"
            ],
            "responses": [
                "1. Instansi / Kantor  Pemerintah di Kab. Tegal",
                "2. Kantor – Kantor Swasta"
            ]
        },
        {
            "tag": "Otomatisasi Dan Tata Kelola Perkantoran, Otkp, Manajemen Perkantoran Dan Layanan Bisnis, Mplb",
            "patterns": [
                "Keunggualan Program Studi Otomatisasi Dan Tata Kelola Perkantoran ( Otkp) / Manajemen Perkantoran Dan Layanan Bisnis ( Mplb)?"
            ],
            "responses": [
                "1. Dapat melanjutkan pendidikan / kuliah yang lebih tinggi ke berbagai Perguruan Tinggi Negeri dan Perguruan Tinggi Swasta.",
                "2. Dapat langsung bekerja dalam berbagai profesi di antaranya: Staff administrasi, Admin online, Resepsionis, Entrepreneur/ wirausahawan, Operator administrasi, Customer Service, Master of Ceremony (MC), Sekretaris Yunior, Administrator pergudangan.",
                "3. Peserta didik SMK YPE NUSANTARA SLAWI tidak hanya disuguhi teori, tetapi juga dibekali dengan berbagai hal di antaranya: Pembelajaran di dalam kelas, Pembelajaran di tempat kerja, Kegiatan berbasis projek, Kunjungan industry",
                "4. Kemampuan mengetik 10 jari buta, sehingga siswa akan terbiasa mengerjakan tugas secara cepat tanpa harus melihat keyboard. Kemampuan ini menjadi keunggulan tersendiri bagi Jurusan OTKP/MPLB, karena sekarang ini perusahaan butuh tenaga yang bisa diajak kerja cepat.",
                "5. Kemampuan menguasai administrasi yang baik dan benar, mengatur perusahaan, terbiasa dengan susunan bahasa yang baik dan benar.",
                "6. Kemampuan menjadi sekretaris yang ideal, melakukan pengarsipan, dan menangani masalah keuangan.",
                "7. Keterampilan table manner, di mana pada jurusan ini siswa disiapkan menjadi seorang tenaga ahli yang siap bekerja di perusahaan besar."
            ]
        },
        {
            "tag": "Otomatisasi Dan Tata Kelola Perkantoran, Otkp, Manajemen Perkantoran Dan Layanan Bisnis, Mplb",
            "patterns": [
                "Guru dan Mata Pelajaran yang diampu Program Studi Otomatisasi Dan Tata Kelola Perkantoran ( Otkp) / Manajemen Perkantoran Dan Layanan Bisnis ( Mplb)?"
            ],
            "responses": [
                "1.Dra. Sri Rejeki: OTK Kepegawaian",
                "2.Sulistyowati, S.Pd: OTK Humas dan Keprotokolan",
                "3.Supriyanti, S.Pd: OTK Sarana dan Prasarana, Dasar-Dasar MPLB"
            ]
        },
        {
            "tag": "Otomatisasi Dan Tata Kelola Perkantoran, Otkp, Manajemen Perkantoran Dan Layanan Bisnis, Mplb",
            "patterns": [
                "Struktur Organisasi Program Studi Otomatisasi Dan Tata Kelola Perkantoran ( Otkp) / Manajemen Perkantoran Dan Layanan Bisnis ( Mplb)?"
            ],
            "responses": [
                "KEPALA SEKOLAH: WAHYU HANDOKO P, S.E.",
                "KAPRODI: SUPRIYANTI, S.Pd.",
                "SEKRETRARIS: SULISTYOWATI, S.Pd.",
                "BENDAHARA: Dra. SRI REJEKI",
                "GURU MAPEL."
            ]
        },
        {
            "tag": "Otomatisasi Dan Tata Kelola Perkantoran, Otkp, Manajemen Perkantoran Dan Layanan Bisnis, Mplb",
            "patterns": [
                "Fasilitas Program Studi Otomatisasi Dan Tata Kelola Perkantoran ( Otkp) / Manajemen Perkantoran Dan Layanan Bisnis ( Mplb)?"
            ],
            "responses": [
                "1.Laboratorium Komputer",
                "2.Laboratorium Mengetik",
                "3.Ruang Kearsipan",
                "4.Ruang Meeting",
                "5.Ruang Unit Produksi (Fotocoy)"
            ]
        }
    ]
}